email,first_name,handle,platform,followers,engagement_pct,subject_1,body_1,subject_2,body_2,subject_3,body_3
jane@example.com,Jane,@janeskin,instagram,48000,6.7,"Paid collab with Glowé, Jane?","Hey Jane,

Loved your ""3-step barrier repair"" reel.

We're the founders of Glowé — an app that scans your skin, gives an honest
0–100 score and a personalized 14-day glow-up plan (plus an AI ""you as a 10/10""
preview). Super visual, made for skincare content.

We'd love to do a paid collab with you. Your audience is exactly who we built
this for.

Interested? Happy to send you free lifetime access to try it first.

— Doaa & the Glowé team

Not your thing? Just reply ""stop"" and we won't message again.
Glowé · Wilhelm-Diess-Weg 3a · 94081 Fürstenzell · Germany","Quick one, Jane 👀","Hey Jane,

Just floating this back up — still keen to set up a paid collab with you for
Glowé. Takes 2 minutes to try (I'll send free access), and it makes for a
really clean before/after piece of content.

Worth a quick chat?

— Doaa & the Glowé team

Not your thing? Just reply ""stop"" and we won't message again.
Glowé · Wilhelm-Diess-Weg 3a · 94081 Fürstenzell · Germany","Last note from Glowé, Jane","Hey Jane,

Last one from me, promise. If a paid Glowé collab could be a fit — even later
this year — just reply and I'll send over the details + free access. If not,
all good, I'll leave you be.

— Doaa & the Glowé team

Not your thing? Just reply ""stop"" and we won't message again.
Glowé · Wilhelm-Diess-Weg 3a · 94081 Fürstenzell · Germany"
maria@example.com,Maria,@maria.glow,tiktok,120000,12.5,"Paid collab with Glowé, Maria?","Hey Maria,

Your honest drugstore reviews are gold.

We're the founders of Glowé — an app that scans your skin, gives an honest
0–100 score and a personalized 14-day glow-up plan (plus an AI ""you as a 10/10""
preview). Super visual, made for beauty content.

We'd love to do a paid collab with you. Your audience is exactly who we built
this for.

Interested? Happy to send you free lifetime access to try it first.

— Doaa & the Glowé team

Not your thing? Just reply ""stop"" and we won't message again.
Glowé · Wilhelm-Diess-Weg 3a · 94081 Fürstenzell · Germany","Quick one, Maria 👀","Hey Maria,

Just floating this back up — still keen to set up a paid collab with you for
Glowé. Takes 2 minutes to try (I'll send free access), and it makes for a
really clean before/after piece of content.

Worth a quick chat?

— Doaa & the Glowé team

Not your thing? Just reply ""stop"" and we won't message again.
Glowé · Wilhelm-Diess-Weg 3a · 94081 Fürstenzell · Germany","Last note from Glowé, Maria","Hey Maria,

Last one from me, promise. If a paid Glowé collab could be a fit — even later
this year — just reply and I'll send over the details + free access. If not,
all good, I'll leave you be.

— Doaa & the Glowé team

Not your thing? Just reply ""stop"" and we won't message again.
Glowé · Wilhelm-Diess-Weg 3a · 94081 Fürstenzell · Germany"
lea@example.com,Lea,@lea.beauty,instagram,9000,12.2,"Paid collab with Glowé, Lea?","Hey Lea,

Your skincare content is exactly the honest, no-BS style we love.

We're the founders of Glowé — an app that scans your skin, gives an honest
0–100 score and a personalized 14-day glow-up plan (plus an AI ""you as a 10/10""
preview). Super visual, made for skincare content.

We'd love to do a paid collab with you. Your audience is exactly who we built
this for.

Interested? Happy to send you free lifetime access to try it first.

— Doaa & the Glowé team

Not your thing? Just reply ""stop"" and we won't message again.
Glowé · Wilhelm-Diess-Weg 3a · 94081 Fürstenzell · Germany","Quick one, Lea 👀","Hey Lea,

Just floating this back up — still keen to set up a paid collab with you for
Glowé. Takes 2 minutes to try (I'll send free access), and it makes for a
really clean before/after piece of content.

Worth a quick chat?

— Doaa & the Glowé team

Not your thing? Just reply ""stop"" and we won't message again.
Glowé · Wilhelm-Diess-Weg 3a · 94081 Fürstenzell · Germany","Last note from Glowé, Lea","Hey Lea,

Last one from me, promise. If a paid Glowé collab could be a fit — even later
this year — just reply and I'll send over the details + free access. If not,
all good, I'll leave you be.

— Doaa & the Glowé team

Not your thing? Just reply ""stop"" and we won't message again.
Glowé · Wilhelm-Diess-Weg 3a · 94081 Fürstenzell · Germany"
